Group  Allow Share ,Huế,Thành Phố Hồ Chí Mình,Bắc Giang,Đà Lạt,Long An,Cần Thơ,Kiên Giang,Nghệ An - Hà Tỉnh,VĩnhLong-BếnTre,Hà Nội,Thái Nguyên-Bắc Kạn
(1) Bất Động Sản Đà Nẵng - Săn Hàng Đầu Tư | Facebook,https://www.facebook.com/groups/554322251383397/,https://www.facebook.com/groups/1111605096562992,https://www.facebook.com/groups/758427348473076/,https://www.facebook.com/groups/muabannhadatdalat/,https://www.facebook.com/groups/kinhdoanhnhadatlongan/,https://www.facebook.com/groups/NhaDatCanThoGiaoDichChinhChu/,https://www.facebook.com/groups/494077586468631/,https://www.facebook.com/groups/BatDongSanVinhNgheAn/,https://www.facebook.com/groups/1199772524037794?locale=vi_VN,https://www.facebook.com/groups/472970146997561,https://www.facebook.com/groups/770316907917346
(1) BẤT ĐỘNG SẢN THƯỜNG TÍN (Uy Tín) | Facebook,https://www.facebook.com/groups/muaban.traodoikienthucbdsTTH/,https://www.facebook.com/groups/435608519218510,,,https://www.facebook.com/groups/742210204630241/,https://www.facebook.com/groups/735190994108650/,https://www.facebook.com/groups/1543658015864728/,https://www.facebook.com/groups/nhadatnghean3737/,https://www.facebook.com/groups/1867247290156037?locale=vi_VN,https://www.facebook.com/groups/1863873137266618/,https://www.facebook.com/groups/3816806671736740/
(1) BẤT ĐỘNG SẢN HƯNG YÊN ✅ | Facebook,https://www.facebook.com/groups/302398974697548/,https://www.facebook.com/groups/1099317231154061,,,https://www.facebook.com/groups/806710346582581/,https://www.facebook.com/groups/217628104118707/,,https://www.facebook.com/groups/4715284988532229/,,https://www.facebook.com/groups/muabannhadatquantrungtamsaigon/,https://www.facebook.com/groups/371676306305156
https://www.facebook.com/groups/526406180215340,https://www.facebook.com/groups/hoibatdongsanhue/,https://www.facebook.com/groups/933832744426101,,,https://www.facebook.com/groups/364748168585029/,https://www.facebook.com/groups/1291361280915534/,,https://www.facebook.com/groups/2022423504466795/,,https://www.facebook.com/groups/1269987218102859/,https://www.facebook.com/groups/1747246549001060/
https://www.facebook.com/groups/484374951604062,https://www.facebook.com/groups/1239455317491491/,https://www.facebook.com/groups/1879709152265367/,,,https://www.facebook.com/groups/729788667712498/,https://www.facebook.com/groups/289033331691359/,,https://www.facebook.com/groups/158147368197382/permalink/1696399664372137/,,https://www.facebook.com/groups/dangtinbannhadat/,
https://www.facebook.com/groups/1188930428574335,https://www.facebook.com/groups/chothuematbangtaihue/,https://www.facebook.com/groups/1173627580230597/,,,https://www.facebook.com/groups/1794884327221565/,https://www.facebook.com/groups/1654238771563499/,,https://www.facebook.com/groups/bds.na37/permalink/1299603551817424/,,,
https://www.facebook.com/groups/4773686322738297,,https://www.facebook.com/groups/1315956945940179/, ,,https://www.facebook.com/groups/3590269087896649/,,,https://www.facebook.com/groups/muabanbatdongsannghean37/permalink/1316915460009374/,, ,
https://www.facebook.com/groups/2656804634622767/,,,,,https://www.facebook.com/groups/1221074182423495/,,,https://www.facebook.com/groups/843550786202307/,, ,
https://www.facebook.com/groups/659144150945217/,,,,,https://www.facebook.com/groups/1142079707485824/,,,,, ,
https://www.facebook.com/groups/1455424415495980/,,,,,https://www.facebook.com/groups/866169805191909/,,,,,,
https://www.facebook.com/groups/1251928114878377/,,,,,https://www.facebook.com/groups/833161374220164/,,,,,,
https://www.facebook.com/groups/494077586468631/,,,,,https://www.facebook.com/groups/741098705928442/,,,,,,
https://www.facebook.com/groups/704301253698629/,,,,,https://www.facebook.com/groups/2973986206049887/,,,,,,
https://www.facebook.com/groups/656942031161682/,,,,,https://www.facebook.com/groups/409565285368041/,,,,,,
,,,,,https://www.facebook.com/groups/193012384762298/,,,,,,
,,,,,https://www.facebook.com/groups/1834366309991657/,,,,,,
,,,,,https://www.facebook.com/groups/228545237624643/,,,,,,
,,,,,https://www.facebook.com/groups/2062765540625185/,,,,,,
,,,,,https://www.facebook.com/groups/1192950097798535/,,,,,,
,,,,,https://www.facebook.com/groups/280366128701287/,,,,,,